"","fiftyProd"
"1","ThermoPro TP50 Digital Hygrometer Indoor Thermometer Humidity Monitor with Temperature Humidity Gauge"
"2","Debco Premium Potting Mix 10L - All Purpose - 4 Months Feed with Trace Elements - WaterSmart Technology"
"3","Mortein Powergard Cockroach Baits 12 Pack"
"4","XLUX Soil Moisture Sensor Meter Water Monitor, Hygrometer for Gardening, Farming,Plants, No Batteries Required, 2 Pack"
"5","PALONE Electric Fly Swatter 3000V Bug Zapper Racket 2 in 1 Fly Swatter with 1200mAh Battery Rechargeable Mosquito Killer Lamp with 3 Layers Safety Mesh for Indoor and Outdoor"
"6","Vertical Skewer for Grill, BBQ Skewers Stainless Steel Stand 3 Sizes of Skewers for BBQ, Grill or Oven Kebabs, Sausage and Gyros"
"7","Bosch Home & Garden 18V 4.0ah Replacement Lithium-Ion Battery Power Plus, Compact, Compatible with All Devices of Green DIY Bosch Home & Garden Home & Garden 18V System"
"8","50 PCS Sticky Traps, KIKISML Yellow Dual-Sided Sticky Insect Catcher with Twist Ties Fruit Fly Fungus Gnat Trap Killer for Whiteflies Mosquitos Fungus Aphids Leafminers Indoor Outdoor Use, Yellow"
"9","Miracle-Gro Plant Food Fertiliser, 500G"
"10","Bosch Home & Garden 18V Cordless Lawn Grass Line Trimmer Whipper Snipper Without Battery, 26cm (EasyGrassCut 18)"
"11","ECOWITT WS2910 Wi-Fi Weather Station Color Display with Wireless Outdoor Solar Powered 7-in-1 Weather Sensor ( Thermo-hygrometer / Rain Gauge / Wind Speed Sensor/ Wind Direction Sensor, Light and UV sensor, Solar panel )"
"12","Premium Stainless Steel Food Tongs, 9-Inch & 12-Inch Grey Silicone BPA Free Non-Stick BBQ Cooking Grilling Locking Kitchen Tong"
"13","Bosch Home & Garden Home & Garden 1500 Watt Electric High Pressure Washer Cleaner 1740 PSI with High Pressure Gun, Lance, 5 m Hose, Variable Fan Jet Nozzle, Rotary Nozzle and Detergent Nozzle (EasyAquatak 120)"
"14","ThermoPro TP49W Hygrometer Indoor Thermometer with Large Digital View Humidity Meter with Temperature and Humidity Sensor Room Thermometer for Baby Humidity Monitor for Greenhouse Cellar Garage"
"15","Govee WiFi Thermometer Hygrometer, Smart Humidity Temperature Monitor with App Notification Alert, Remote Monitor for Room Greenhouse Incubator Wine Cellar, 2 Years Free Data Storage Export"
"16","Bosch Home & Garden Replacement Cutting Line 24m (1.6mm) for Easy/Universal/AdvancedGrassCut"
"17","Fiskars Gardening Tools: Bypass Pruning Shears, Sharp Precision-ground Steel Blade, 5/8‚Äù Plant Clippers (91095935J)"
"18","Decor Springtime Round Self-Watering Plant Pot, White, 215 mm"
"19","Govee Hygrometer Thermometer, Mini Wireless Thermometer Bluetooth Humidity Sensor with Notification Alert, Data Storage and Export, 262ft/80M Connecting Range"
"20","Stingmon 12 Pack Sticky Fruit Fly Fungus Gnat Traps Killer for Indoor and Outdoor Protect The Plant, Non-Toxic and Odorless, A1, Beige"
"21","TheFitLife Expandable Garden Hose Pipe - Multi Core Latex and Solid Metal Fittings 8 Pattern Spray Nozzle AU Standard Expanding Kink Free Easy Storage Flexible Water Hose (25FT/7m)"
"22","40 PCS Sticky Traps, GeeRic Sticky Fruit Fly and Plant Gnat Bug Traps for Indoor/Outdoor Use, Dual-Sided Black Sticky Traps Insect Catcher for White Flies, Mosquitos, Fungus Gnats, Flying Insects"
"23","Scotts Osmocote Pour and Feed House Plants 500ml - Use with Houseplants - Results in 7 Days - Easy Pour Measuring Cap - Suitable for All Indoor Plants"
"24","Moss Pole for Plants Monstera, 2PCS 25'' Bendable Plant Sticks Support, Plant Stakes for Indoor Plants, Coco Coir Pole Plant Support, Monstera Moss Pole for Climbing Plants Growth (25"" * 2pcs)"
"25","ThermoPro TP357 Digital Hygrometer Indoor Thermometer, 260FT Bluetooth Humidity Meter with Smart App, Room Humidity Gauge with Humidity Sensor, 2-Year Data Storage and Export"
"26","Govee Hygrometer Thermometer, Bluetooth Indoor Room Temperature Monitor Greenhouse Thermometer with Remote App Control, Large LCD Display, Notification Alerts, 2 Years Data Storage Export, Black"
"27","Bosch Home & Garden Manual Hand Push Cylinder Lawn Mower, 38 cm, with Grass Catcher (AHM 38G)"
"28","Raid One Shot Crawling Insects Surface Spray Targetkill, Insect Spray with Protective Barrier up to 6 Months, Targeted Nozzle, 300g, 1 Count"
"29","Stingmon 48 Pack Sticky Fruit Fly Fungus Gnat Trap Killer for Indoor and Outdoor Protect The Plant, Non-Toxic and Odorless, A2"
"30","Home Plus Ant Killer (4-Pack), Metal Ant Traps Indoor & Outdoor, Ant Bait Station, Effective Ant Control System, 4 Cans Ant Bait Traps, Ant Traps w/Food-Based Attractants, Pesticide-Free Ant Baits"
"31","Fly Away - Outdoor Fly Repellent Fan, Outside or Inside Table use, Restaurant, Barbeque, Events, Deter Flies, Wasps, Bees, Other Moscas and Bugs Away, Battery Operated, Tabletop, Hanging Hook."
"32","DOLAMOTY BBQ Vertical Skewer Al Pastor Skewer for Grill, Brazilian Skewers El Pastor Spit Hack, for Home Made Tacos Al Pastor, Shawarma, Brazilian Churrasco,Stainless Steel,with 8 inch & 10 inch stick"
"33","Hills 100724 Garden Pressure Sprayer, 1 Liter Capacity, Multicolor"
"34","Grow Light Full Spectrum Plant Lights for Indoor Plants, Full Spectrum Plant Grow Lights, 9 Dimmable Levels Auto ON & Off with 3/9/12H Timer"
"35","VidFair Mixer Tap Hose Connector Kitchen Garden Watering Tap Hose Pipe Snap Connector Adaptor Tool Indoor Outdoor Fitting Kitchen Bath Mixer Tap Garden Hose Pipe Connectors Adapter for Hose Pipe"
"36","Helio Hives Bee Pollen 250 gm Granules - Nature's Superfood, Superior Taste - Western Australia Pure Bee Pollen for Optimal Health"
"37","INKBIRD Wireless Bluetooth BBQ Thermometer, 2-in-1 Truly Wireless Meat Thermometer, 91m/300ft App Control with Smart Temperature Alarms, Ideal for Cooking, Oven, Grill"
"38","WEEMAGIC Plant Watering Stakes 6 Pack Automatic Plant Waterers for Vacations, Plant Watering Devices Terracotta Self Watering Spikes for Wine Bottles Great Watering Spikes for Indoor & Outdoor Plants"
"39","Hills 100728 Garden Sprayer, 5 Liter Capacity, Multicolor"
"40","OWLTRA Indoor Electric Mouse Trap, Instant Kill Rodent Zapper with Pet Safe Trigger, Black, Small"
"41","Solar Fountain Water Pump Bird Bath Powered Panel Spray Head Solar Powered Free Standing Floating Water Pump Kit for Garden, Patio, Pond and Pool"
"42","Scotts Lawn Builder - Premium Slow Release Lawn Fertiliser 2.5kg - 3 Months Feed - Thicker Lawn with No Scorch Formula - Child and Pet Friendly"
"43","Driew Plant Mister, Fine Mist Spray Bottle for Cleaning Solution Gardening Trigger Water Empty Sprayer 10oz (Green)"
"44","Charlie Carp All Purpose Fertiliser 1L - Outdoor and Indoor Plant Food for Veggies, Orchids, Roses and Citrus Trees - Flower Food and House Plant Fertiliser - Makes 300L"
"45","Lazco Outdoor BinKill, 10.5 g"
"46","7 in 1 Pool Test Strips, 100pcs, Pool & Spa Test Strips, Water Quality Testing Strip for Hardness, Chlorine, Bromine, pH, Alkalinity, and Cyanuric Acid in Freshwater Saltwater Swimming Pool"
"47","Garden Safe Take Root Rooting Hormone, Promotes Rooting, Grow New Plants from Cuttings, 2 Ounce"
"48","H HOME-MART 12 Pack Yellow Dual Sided Gnat Trap-Sticky Fly Trap-Fruit Fly Trap with Twist Ties,Insect Catcher Sticky Board for Mosquitoes, Houseplant, Garden"
"49","INKBIRDPLUS Seedling Heat Mat Heating Pad 30W Waterproof with Thermostat Control for Plant Germination Hydroponics Indoor Seed Starting Digital Thermostat Control Monitor Indoor Thermometer 52x25cm"
"50","Weber Q and Family Q with Patio Cart Cover - for Classic Gen 1 or 2 BBQ Models"
