"","Products","Price","Ratings","Reviews"
"1","Mielle Rosemary Mint Scalp & Hair Strengthening Oil","$21.09","370","4.4 out of 5 stars"
"2","Head & Shoulders Clean Balanced Anti Dandruff Shampoo 660ml (Pack of 1)","$17.50","688","4.7 out of 5 stars"
"3","SHEA MOISTURE Coconut and Hibiscus Curl Enhancing Smoothie, 340 g, multi, 12 Ounce (Pack of 1) (290223)","$24.99","9,033","4.3 out of 5 stars"
"4","K18 Leave-In Molecular Repair Hair Mask 50 ml","$55.00","5,441","4.5 out of 5 stars"
"5","HASK Argan Oil Repairing 5-in-1 Leave-In Conditioner for all hair types, colour safe, gluten-free, sulfate-free, paraben-free - 1 175 mL Bottle","$5.09","4,157","4.4 out of 5 stars"
"6","Tresemme Heat Defence Hair Spray 300 mL","$8.13","554","4.4 out of 5 stars"
"7","Hair Wax Stick, Wax Wigs Edge Control Slick, Non Greasy Styling Hair Pomade Stick for Flyaways Frizz Hair - 75g","$43.20","42,564","4.3 out of 5 stars"
"8","NEUTROGENA T/Gel Therapeutic Anti-Dandruff Shampoo, 200 Milliliter","$15.63","221","4.5 out of 5 stars"
"9","Garnier Fructis, 3-in-1 Hair Mask, Hydrating & Softening, Hair Food Banana, 390ml","$10.23","1,732","4.6 out of 5 stars"
"10","Pantene Pro-V Ultimate 10 Repair Protect Shampoo, Stengthening Shampoo For Damaged Hair 900ml","$25.99","390","4.7 out of 5 stars"
"11","Just for men Moustache & Beard, Beard Dye For Grey Hair With Brush Included, Eliminates Grey For A Thicker & Fuller Look - Colour: Dark Brown, M-45, 2 Count (Pack of 1)","$11.99","191","4.4 out of 5 stars"
"12","TRESemmé Cleanse and Replenish Shampoo 940 mL","$15.44","239","4.4 out of 5 stars"
"13","Remington Aero 2000 Hair Dryer D3190AU, Personalises Heat to Your Hair, 2000W, Fast Drying and Styling, Black","$23.95","1,128","4.6 out of 5 stars"
"14","Selsun Gold Treatment Shampoo, Medically Proven Treatment for Dandruff Control, Reduces Flaking, 375ml","$18.01","264","4.5 out of 5 stars"
"15","Shiseido Fino Premium Touch Hair Mask, 8.11 Ounce","$18.00","3,155","4.4 out of 5 stars"
"16","L'Oréal Paris, Hair Oil, Heat Protection, Increases Shine & Softness, Elvive Extraordinary Oil Extra Rich, 100ml","$29.00","357","4.6 out of 5 stars"
"17","Eco Style Moroccan Argan Oil Styling Gel, 473m","$14.55","3,040","4.5 out of 5 stars"
"18","Huggie Jasmine and Cherry Blossom Fabric Conditioner","$23.95","198","4.6 out of 5 stars"
"19","Swift Direct Premium Mist Spray Bottle - 6.8oz/200ml, Continuous Mister water Spray Bottle for Long Straight & Curly Hair Styling, Plants, Ironing, Cleaning, Salon & Skin Care… (Black)","$10.99","369","4.3 out of 5 stars"
"20","TYMO Hair Straightener Brush, Hair Iron with Built-in Comb, Fast Heating, 5 Temp Settings, Anti-Scald, Perfect for Professional Salon at Home, Hair Straightener That Reduces Styling Time, Matte Black","$118.15","48,143","4.4 out of 5 stars"
"21","Eco Style Olive Oil Hair Styling Gel, 473 ml","$23.95","38,977","4.5 out of 5 stars"
"22","Olaplex No.5 Bond Maintenance Conditioner, 250ml","$49.00","55,418","4.6 out of 5 stars"
"23","Biotin Shampoo for Hair Growth B-Complex Formula for Hair Loss Removes DHT for Thicker Fuller Hair Anti Dandruff Formula with Zinc Tea Tree Oil Extract Jojoba Oil Argan Oil For Women and Men 240ml (236 mL)","$21.95","47,659","4.3 out of 5 stars"
"24","Castor Oil-Cold Pressed, For Hair Growth, Bold Eyelashes & Eyebrows, Moisturizes Skin, Nails & Cuticles. Anti-Aging (30ml)","$19.99","114","4.4 out of 5 stars"
"25","Tangle Teezer Wet Detangler Hairbrush - Millennial Pink","$21.41","35,047","4.7 out of 5 stars"
"26","Got2B 220°C Heat Protection Spray Guardian Angel 200ml","$15.34","1,265","4.4 out of 5 stars"
"27","Shea Moisture Manuka Honey and Marfura Oil Intensive Hydration Conditioner, 384 ml, 13 oz","$14.59","9,938","4.5 out of 5 stars"
"28","3 Pack Microfiber Hair Towel Wrap BEoffer Super Absorbent Twist Turban for Women Fast Drying Hair Caps with Buttons for Drying Curly, Long & Thick Hair Anti Frizz (Gray+Pink+Blue)","$30.00","13,080","4.6 out of 5 stars"
"29","Garnier, Permanent Hair Colour, Ammonia Free and Nourishing, Olia, 4.0 Dark Brown","$18.00","82","4.5 out of 5 stars"
"30","Hair Curlers Rollers, Cludoo 36Pcs Jumbo Big Hair Roller Sets with Stainless Steel Duckbill Clip, 2 Size Self Grip Hair Curlers Rollers for Long Medium Short Thick Fine Thin Hair Bangs Volume","$17.99","3,587","4.2 out of 5 stars"
"31","INGOOD Black Hair Elastic Ties for Thick and Curly Hair No Metal Hair Ties Pack for Women Girls and Men (120)","$11.95","679","4.4 out of 5 stars"
"32","Schwarzkopf Extra Care Marrakesh Oil & Coconut Replenishing Shampoo 400mL","$2.90","49","4.3 out of 5 stars"
"33","BOLDIFY Hairline Powder Instantly Conceals Hair Loss, Root Touch Up Hair Powder, Hair Toppers for Women & Men, Hair Fibers for Thinning Hair, Root Cover Up, Stain-Proof 48 Hour Formula (Dark Brown)","$26.95","18,827","4.3 out of 5 stars"
"34","Hoyols Clear Hair Elastic Rubber Bands No Damage Ties for Ponytail Braid Holder 1500 Piece Pack for Girl","$11.99","2,816","4.4 out of 5 stars"
"35","Organic Castor Oil 120ml, Pure Cold Pressed Unrefined, Hexane Free, for Hair Growth, Bold Eyelashes & Eyebrows, Moisturizes Skin, Massage, Castor Oil Pack","$20.99","10","4.9 out of 5 stars"
"36","Keracolor Color Plus Clenditioner, 355 ml","$30.95","78,347","4.2 out of 5 stars"
"37","Sun Bum Sea Spray|Texturizing and Volumizing Sea Salt Spray | UV Protection with a Matte Finish | Medium Hold | for All Hair Types | 6 FL OZ Spray Bottle, Clear (80-41025)","$17.95","5,934","4.4 out of 5 stars"
"38","Olaplex Pack: No.4 + No.5 - Daily Cleanse and Condition Duo - 500ml (2X 250ml)","$85.05","144","4.7 out of 5 stars"
"39","Tresemmé Volume & Fullness Shampoo and Conditioner for Fine Hair with Multi-Vitamins & Coconut Oil 2 x 750 mL","$15.00","104","4.7 out of 5 stars"
"40","Just For Men Control GX Shampoo, Gradually & Permanently Reduces Grey Hair With Each Wash, With Coconut Oil & Aloe Vera - All Shades, 118ml","$21.10","1,484","4.1 out of 5 stars"
"41","Just for men Moustache & Beard, Beard Dye For Grey Hair With Brush Included, Eliminates Grey For A Thicker & Fuller Look - Colour: Dark Brown, M-45, 2 Count (Pack of 1)","$11.99","191","4.4 out of 5 stars"
"42","Yebeauty Root Comb Applicator Bottle, 2 Pack 6 Ounce Applicator Bottle for Hair Dye Bottle Applicator Brush with Graduated Scale- Purple","$6.99","1,627","4.1 out of 5 stars"
"43","L'Oréal Paris, Permanent Hair Dye, Strengthening & With Up To 100% Grey Coverage, Excellence, Brown 5.0","$22.75","305","4.5 out of 5 stars"
"44","Garnier, Permanent Hair Colour, Ammonia Free and Nourishing, Olia, 4.0 Dark Brown","$18.00","82","4.5 out of 5 stars"
"45","BOLDIFY Hairline Powder Instantly Conceals Hair Loss, Root Touch Up Hair Powder, Hair Toppers for Women & Men, Hair Fibers for Thinning Hair, Root Cover Up, Stain-Proof 48 Hour Formula (Dark Brown)","$26.95","18,827","4.3 out of 5 stars"
"46","Keracolor Color Plus Clenditioner, 355 ml","$30.95","78,347","4.2 out of 5 stars"
"47","Schwarzkopf Brilliance, Permanent Hair Colour, 46 Coffee Brown","$16.10","43","4.2 out of 5 stars"
"48","Garnier Nutrisse Permanent Hair Colour 9.13 Natural Light Ash Blonde","$16.99","130","4.6 out of 5 stars"
"49","Clairol Nice 'N Easy Permanent Hair Colour 5 Natural Medium Brown, 100% Grey Coverage, Natural Looking Hair Colour","$14.05","93","4.5 out of 5 stars"
"50","L'Oreal Paris Magic Retouch Temporary Root Concealer Spray - (Instant Grey Hair Coverage), Black 1","$16.90","157","4.5 out of 5 stars"
"51","Clairol Natural Instincts Semi-Permanant Hair Colour, 3 Brown Black, Ammonia Free, Natural Hair Colour","$19.24","486","4.2 out of 5 stars"
"52","L'Oreal Paris Casting Crème Gloss Semi-Permanent Hair Colour - 316 Plum (Ammonia Free)","$11.19","108","4.6 out of 5 stars"
"53","Clairol Root Touch Up, 4 Dark Brown, Permanent Colour, 100% Grey Coverage, Permanent Root Colour","$12.99","36","4.1 out of 5 stars"
"54","Schwarzkopf LIVE Colour Permanent Hair Colour Silver Storm","$13.83","30","4.3 out of 5 stars"
"55","Just For Men Shampoo-In Colour, Grey Hair Dye For Men, Various Shades, Restores Original Colour For A Natural Look - Dark Brown, H-45","$11.99","202","4.4 out of 5 stars"
"56","Wella Professionals Color Fresh Mask Chocolate Touch","$34.00","1,107","4.2 out of 5 stars"
"57","Henna Powder by mi nature | From Rajasthan India | Triple shifted | Fine powder | Natural hair colour (8 oz)","$18.99","453","4.2 out of 5 stars"
"58","Restoria Express Brush-In Hair Colour, Grey Hair Coloring For Men, Restores You Natural Look - Dark Brown","$14.79","52","4.4 out of 5 stars"
"59","Adore Semi-Permanent Haircolor coloration","$17.95","7,015","4.1 out of 5 stars"
"60","Napro Palette, Permanent Hair Colour, 7-0 Light Brown","$9.29","5","4.8 out of 5 stars"
"61","Clairol Root Touch-Up Colour Blending Gel, 4 Dark Brown, Blends Greys, Ammonia-Free","$12.00","131","2.9 out of 5 stars"
"62","Lurrose 3pcs Salon Care Root Comb Applicator Bottle Liquid Medicine Bottles Durable Hair Salon Combs Storage Bottle Hairdressing Applicators for Hair Dye Coloring Scalp Treatment Essential","$9.99","42","4.3 out of 5 stars"
"63","1000 HOUR Hair Mascara, Dark Brown, 26 g","$14.95","34","3.9 out of 5 stars"
"64","Mina ibrow Hair Color Medium Brown |Natural Spot coloring and Hair Tinting Powder, Water and Smudge Proof | No Ammonia, No Lead with 100% Gray Coverage Up to 30 Applications |Vegan and Cruelty free","$13.95","20,854","3.9 out of 5 stars"
"65","Natural Plant Hair Dye, Plant Bubble Hair Dye, Vegetable Hair Dye for Men & Women，Easy to Dye in a Box of 10 Packs (Coffee)","$20.99","1","5.0 out of 5 stars"
"66","6PCS Temporary Hair Dye for Dark & Light Hair, Hair Chalk for Girls, Kids Hair Dye for Temporary Hair Color for Kids, Washable Hair Dye, Girl Gifts for 7 8 9 10 11 12 13 Year Old Girls Birthday Gifts","$18.99","1,139","3.9 out of 5 stars"
"67","YANTAISIYU 3 Pieces Applicator Bottles Root Comb Applicator Bottle with Graduated Scale Applicator Brush for Hair Dying (3 Colors)","$10.99","106","4.3 out of 5 stars"
"68","Hair Dye Color Brush and Bowl Set, 4Pcs Color Bowl Brushes Tool Mixing Bowl Kit Tint Comb for Hair Tint Dying Coloring Applicator","$8.99","5,197","4.6 out of 5 stars"
"69","Wella Color Charm 20 Volume Creme Developer for Unisex 32 oz Lightener","$18.13","7,387","4.6 out of 5 stars"
"70","Indus Valley Bio Organic Natural Henna Hair Color For Grey Hairs -100gm (Light Brown)","$22.23","1,043","3.2 out of 5 stars"
"71","1000 HOUR Hair Mascara - Medium Brown, 26 g","$14.95","12","4.5 out of 5 stars"
"72","((3 Pack)) - Loreal Excel Hicolor Hilights Magenta 35ml (3 Pack)","$44.97","7,320","4.5 out of 5 stars"
"73","L'Oréal Paris Excellence Creme, 5.15 Natural Frosted Brown (100 Percent Grey Coverage)","$25.24","42","4.5 out of 5 stars"
"74","Just For Men Shampoo-In Colour, Grey Hair Dye For Men, Various Shades, Restores Original Colour For A Natural Look - Light Brown, H-25","$12.49","22","4.7 out of 5 stars"
"75","Indigo Powder | 8 Oz (227 g) | Indigofera Tinctoria/Neel | Natural & Pure Powder for Hair Color By KVAAS","$26.72","2","4.4 out of 5 stars"
"76","Oil Scalp Applicator, Hair Oil Applicator, Hair Oil Dispenser, Hair Oil Applicator Bottle and Scalp Massager, Hair Comb Scalp Applicator, Portable Mini Head Fluid Brush","$10.44","1","3.0 out of 5 stars"
"77","Hi Lift Blue Blonde Highlighter Powder Bleach For Hair, 150g","$10.80","25","4.2 out of 5 stars"
"78","Wetbrush Pro Flex Dry Hair Brush, Teal Ombre","$26.00","4,669","4.7 out of 5 stars"
"79","Indus Valley Natural Organic Damage Free Gel Hair Color For Grey Coverage Hair (BLACK)","$22.31","10","3.7 out of 5 stars"
"80","Schwarzkopf Extra Care Blonde Anti-Yellow Toning Blonde Toner,Purple Toning Hair Treatment, 250mL","$15.81","3","4.4 out of 5 stars"
"81","Yebeauty Root Comb Applicator Bottle, 2 Pack 6 Ounce Applicator Bottle for Hair Dye Bottle Applicator Brush with Graduated Scale- Purple","$6.99","1,627","4.1 out of 5 stars"
"82","Evelyne Root Comb Applicator Bottle, 6 ounce with graduated scale, Hair Coloring, Dye and scalp treament essential (Pack of 1)","$7.99","2,468","4.3 out of 5 stars"
"83","Petiy Beauty Hair Dye Color Brush and Bowl Set, Hair Color Brush Mixing Bowl Kit Perfect Tools for Hair Tint Dying Coloring Applicator - Dye Brush & Comb/Mixing Bowl/Tint Tool/Earmuffs (4 PCS)","$8.33","1,408","4.3 out of 5 stars"
"84","1 Pcs Root Comb Applicator Bottle 6 Ounce Hair Oil Applicator, Applicator Bottle for Hair Dye Applicator Bottle with Graduated Scale (Purple)","$6.98","4","4.4 out of 5 stars"
"85","Lurrose 3pcs Salon Care Root Comb Applicator Bottle Liquid Medicine Bottles Durable Hair Salon Combs Storage Bottle Hairdressing Applicators for Hair Dye Coloring Scalp Treatment Essential","$9.99","42","4.3 out of 5 stars"
"86","YANTAISIYU 3 Pieces Applicator Bottles Root Comb Applicator Bottle with Graduated Scale Applicator Brush for Hair Dying (3 Colors)","$10.99","106","4.3 out of 5 stars"
"87","Hair Dye Color Brush and Bowl Set, 4Pcs Color Bowl Brushes Tool Mixing Bowl Kit Tint Comb for Hair Tint Dying Coloring Applicator","$8.99","5,197","4.6 out of 5 stars"
"88","Oil Scalp Applicator, Hair Oil Applicator, Hair Oil Dispenser, Hair Oil Applicator Bottle and Scalp Massager, Hair Comb Scalp Applicator, Portable Mini Head Fluid Brush","$10.44","1","3.0 out of 5 stars"
"89","Wetbrush Pro Flex Dry Hair Brush, Teal Ombre","$26.00","4,669","4.7 out of 5 stars"
"90","Segbeauty Highlighting Paddle with 2 Hair Dye Tint Brush, Black Hair Colour Board for Balayage Highlights, Professional Tinting Brush Hair Styling Set for Hairdresser","$10.99","10","4.5 out of 5 stars"
"91","BASS BRUSHES Bamboo Wood Hair Brush, Professional Style","$8.99","344","4.6 out of 5 stars"
"92","Small Firm Smoothing Brush for Dyson Airwrap Hair Dryer, Hair Styling Comb Attachment, Part No.969488-01","$18.01","46","3.7 out of 5 stars"
"93","Comb Bottle Applicator,Portable Hair Dye Applicator Brush | Applicator Bottle for Hair Dye Bottle Applicator Brush with Graduated Scale, Comb Bottle Applicator for Home","$39.99","8","4.1 out of 5 stars"
"94","Freestyle Travel Hard Cushion Finish Brush, Black","$1.99","15","4.9 out of 5 stars"
"95","Cosywell Applicator Bottle for Hair Squeeze Bottle 2 Pack 16 Ounce Oil Bottles for Hair Dye Bottle with Cap PET Plastic Refillable Bottles Brown","$6.99","218","4.6 out of 5 stars"
"96","Freestyle Dry Vent brush, Black","$15.00","6","4.3 out of 5 stars"
"97","Olrada Iron Heena Bowl, Mehndi Paste Bowl for Mehndi, Hair Color Bowl (6 inches) Set of 2pcs","$8.99","28","3.7 out of 5 stars"
"98","3 Pcs Upgraded Applicator Bottle for Hair, Applicator Bottles Root Comb Applicator Bottle with Graduated Scale Applicator Brush for Hair Dying (3 Colors)","$10.84","1","5.0 out of 5 stars"
"99","Freestyle Travel Hard Cushion Frizz Control Finish Brush, Black","$12.49","1","4.0 out of 5 stars"
"100","Freestyle Hard Cushion Finish Brush, Black","$7.26","14","4.5 out of 5 stars"
